Product Name,SKU,Color,Size,Selling Price (EGP),Cost Per Piece (EGP),Variant ID
Bulky Black Plain,GBMB-401-41,Black,41,1790,,6a340ee73f7ead9783927232
Bulky Black Plain,GBMB-401-42,Black,42,1790,,6a340ee73f7ead9783927233
Bulky Black Plain,GBMB-401-43,Black,43,1790,,6a340ee83f7ead9783927234
Bulky Black Plain,GBMB-401-44,Black,44,1790,,6a340ee83f7ead9783927235
Bulky Black Plain,GBMB-401-45,Black,45,1790,,6a340ee83f7ead9783927236
Bulky Black Band Plain,GBMB-402-41,Black,41,1790,,6a340ecb3f7ead97839271bb
Bulky Black Band Plain,GBMB-402-42,Black,42,1790,,6a340ecb3f7ead97839271bc
Bulky Black Band Plain,GBMB-402-43,Black,43,1790,,6a340ecb3f7ead97839271bd
Bulky Black Band Plain,GBMB-402-44,Black,44,1790,,6a340ecc3f7ead97839271be
Bulky Black Band Plain,GBMB-402-45,Black,45,1790,,6a340ecc3f7ead97839271bf
Bulky Black Laces Loafer,GBMB-404-41,Black,41,1790,,6a340ee33f7ead978392721f
Bulky Black Laces Loafer,GBMB-404-42,Black,42,1790,,6a340ee33f7ead9783927220
Bulky Black Laces Loafer,GBMB-404-43,Black,43,1790,,6a340ee33f7ead9783927221
Bulky Black Laces Loafer,GBMB-404-44,Black,44,1790,,6a340ee33f7ead9783927222
Bulky Black Laces Loafer,GBMB-404-45,Black,45,1790,,6a340ee43f7ead9783927223
Bulky Black Single Monk,GBMB-405-41,Black,41,1790,,6a340ede3f7ead978392720a
Bulky Black Single Monk,GBMB-405-42,Black,42,1790,,6a340ede3f7ead978392720b
Bulky Black Single Monk,GBMB-405-43,Black,43,1790,,6a340edf3f7ead978392720c
Bulky Black Single Monk,GBMB-405-44,Black,44,1790,,6a340edf3f7ead978392720d
Bulky Black Single Monk,GBMB-405-45,Black,45,1790,,6a340edf3f7ead978392720e
Bulky Black Verne Laces Loafer,GBMBL-404-41,Black,41,1790,,6a340ee13f7ead9783927216
Bulky Black Verne Laces Loafer,GBMBL-404-42,Black,42,1790,,6a340ee13f7ead9783927219
Bulky Black Verne Laces Loafer,GBMBL-404-43,Black,43,1790,,6a340ee23f7ead978392721a
Bulky Black Verne Laces Loafer,GBMBL-404-44,Black,44,1790,,6a340ee23f7ead978392721b
Bulky Black Verne Laces Loafer,GBMBL-404-45,Black,45,1790,,6a340ee23f7ead978392721c
Bulky Brown Plain,GBMBR-401-41,Brown,41,1790,,6a340ee63f7ead978392722b
Bulky Brown Plain,GBMBR-401-42,Brown,42,1790,,6a340ee63f7ead978392722c
Bulky Brown Plain,GBMBR-401-43,Brown,43,1790,,6a340ee63f7ead978392722d
Bulky Brown Plain,GBMBR-401-44,Brown,44,1790,,6a340ee63f7ead978392722e
Bulky Brown Plain,GBMBR-401-45,Brown,45,1790,,6a340ee73f7ead978392722f
Bulky Brown Laces Loafer,GBMBR-404-41,Brown,41,1790,,6a340ee43f7ead9783927225
Bulky Brown Laces Loafer,GBMBR-404-42,Brown,42,1790,,6a340ee43f7ead9783927226
Bulky Brown Laces Loafer,GBMBR-404-43,Brown,43,1790,,6a340ee53f7ead9783927227
Bulky Brown Laces Loafer,GBMBR-404-44,Brown,44,1790,,6a340ee53f7ead9783927228
Bulky Brown Laces Loafer,GBMBR-404-45,Brown,45,1790,,6a340ee53f7ead9783927229
Bulky Brown Single Monk,GBMBR-405-41,Brown,41,1790,,6a340ee03f7ead9783927210
Bulky Brown Single Monk,GBMBR-405-42,Brown,42,1790,,6a340ee03f7ead9783927211
Bulky Brown Single Monk,GBMBR-405-43,Brown,43,1790,,6a340ee03f7ead9783927212
Bulky Brown Single Monk,GBMBR-405-44,Brown,44,1790,,6a340ee03f7ead9783927213
Bulky Brown Single Monk,GBMBR-405-45,Brown,45,1790,,6a340ee13f7ead9783927214
Bulky Brown Band Plain,GBMBV-404-41,Brown,41,1790,,6a340ecc3f7ead97839271c1
Bulky Brown Band Plain,GBMBV-404-42,Brown,42,1790,,6a340ecd3f7ead97839271c2
Bulky Brown Band Plain,GBMBV-404-43,Brown,43,1790,,6a340ecd3f7ead97839271c3
Bulky Brown Band Plain,GBMBV-404-44,Brown,44,1790,,6a340ecd3f7ead97839271c4
Bulky Brown Band Plain,GBMBV-404-45,Brown,45,1790,,6a340ece3f7ead97839271c5
Bulky Black Verne Band Plain,GBMV-404-41,Black,41,1790,,6a340ec93f7ead97839271b5
Bulky Black Verne Band Plain,GBMV-404-42,Black,42,1790,,6a340eca3f7ead97839271b6
Bulky Black Verne Band Plain,GBMV-404-43,Black,43,1790,,6a340eca3f7ead97839271b7
Bulky Black Verne Band Plain,GBMV-404-44,Black,44,1790,,6a340eca3f7ead97839271b8
Bulky Black Verne Band Plain,GBMV-404-45,Black,45,1790,,6a340ecb3f7ead97839271b9
Bulky Black Verne Single Monk,GBMV-405-41,Black,41,1790,,6a340ec83f7ead97839271af
Bulky Black Verne Single Monk,GBMV-405-42,Black,42,1790,,6a340ec83f7ead97839271b0
Bulky Black Verne Single Monk,GBMV-405-43,Black,43,1790,,6a340ec93f7ead97839271b1
Bulky Black Verne Single Monk,GBMV-405-44,Black,44,1790,,6a340ec93f7ead97839271b2
Bulky Black Verne Single Monk,GBMV-405-45,Black,45,1790,,6a340ec93f7ead97839271b3
Beige Stretch Boot,GMB-01-1,beige,40,1044,,6a340f1d3f7ead9783927327
Beige Stretch Boot,GMB-01-2,beige,41,1044,,6a340f1e3f7ead9783927329
Beige Stretch Boot,GMB-01-3,beige,42,1044,,6a340f1e3f7ead978392732a
Beige Stretch Boot,GMB-01-4,beige,43,1044,,6a340f1e3f7ead978392732b
Beige Stretch Boot,GMB-01-5,beige,44,1044,,6a340f1e3f7ead978392732c
Beige Stretch Boot,GMB-01-6,beige,45,1044,,6a340f1f3f7ead978392732d
Brown Stretch Boot,GMB-02-1,Brown,40,1144,,6a340f1f3f7ead978392732f
Brown Stretch Boot,GMB-02-2,Brown,41,1144,,6a340f1f3f7ead9783927330
Brown Stretch Boot,GMB-02-3,Brown,42,1144,,6a340f203f7ead9783927331
Brown Stretch Boot,GMB-02-4,Brown,43,1144,,6a340f203f7ead9783927332
Brown Stretch Boot,GMB-02-5,Brown,44,1144,,6a340f203f7ead9783927333
Brown Stretch Boot,GMB-02-6,Brown,45,1144,,6a340f203f7ead9783927334
Black Stretch Boot,GMB-03-1,Black,40,1144,,6a340f213f7ead9783927336
Black Stretch Boot,GMB-03-2,Black,41,1144,,6a340f213f7ead9783927337
Black Stretch Boot,GMB-03-3,Black,42,1144,,6a340f213f7ead9783927338
Black Stretch Boot,GMB-03-4,Black,43,1144,,6a340f223f7ead9783927339
Black Stretch Boot,GMB-03-5,Black,44,1144,,6a340f223f7ead978392733a
Black Stretch Boot,GMB-03-6,Black,45,1144,,6a340f223f7ead978392733b
Chunky Black College,GMC-15-1,Black,41,2740,,6a340f6d3f7ead978392747b
Chunky Black College,GMC-15-2,Black,42,2740,,6a340f6e3f7ead978392747c
Chunky Black College,GMC-15-3,Black,43,2740,,6a340f6e3f7ead978392747d
Chunky Black College,GMC-15-4,Black,44,2740,,6a340f6e3f7ead978392747e
Chunky Black College,GMC-15-5,Black,45,2740,,6a340f6e3f7ead978392747f
Chunky Black Verne College,GMC-16-1,Black,41,2740,,6a340f6c3f7ead9783927475
Chunky Black Verne College,GMC-16-2,Black,42,2740,,6a340f6c3f7ead9783927476
Chunky Black Verne College,GMC-16-3,Black,43,2740,,6a340f6c3f7ead9783927477
Chunky Black Verne College,GMC-16-4,Black,44,2740,,6a340f6d3f7ead9783927478
Chunky Black Verne College,GMC-16-5,Black,45,2740,,6a340f6d3f7ead9783927479
Black Chunky Plain Classic Verne,GMC-17-1,Black,41,1995,,6a340f6a3f7ead978392746d
Black Chunky Plain Classic Verne,GMC-17-2,Black,42,1995,,6a340f6b3f7ead9783927470
Black Chunky Plain Classic Verne,GMC-17-3,Black,43,1995,,6a340f6b3f7ead9783927471
Black Chunky Plain Classic Verne,GMC-17-4,Black,44,1995,,6a340f6b3f7ead9783927472
Black Chunky Plain Classic Verne,GMC-17-5,Black,45,1995,,6a340f6b3f7ead9783927473
Beige Suede Chakka Boots,GMC-2-1006,Beige,41,1395,,6a340f533f7ead978392740a
Beige Suede Chakka Boots,GMC-2-1007,Beige,42,1395,,6a340f533f7ead978392740b
Beige Suede Chakka Boots,GMC-2-1008,Beige,43,1395,,6a340f533f7ead978392740c
Beige Suede Chakka Boots,GMC-2-1009,Beige,44,1395,,6a340f543f7ead978392740d
Beige Suede Chakka Boots,GMC-2-1010,Beige,45,1395,,6a340f543f7ead978392740e
Black Plain Classic Verne,GMC-27-1,Black,41,1117,,6a340ed23f7ead97839271d8
Black Plain Classic Verne,GMC-27-2,Black,42,1117,,6a340ed23f7ead97839271db
Black Plain Classic Verne,GMC-27-3,Black,43,1117,,6a340ed33f7ead97839271dc
Black Plain Classic Verne,GMC-27-4,Black,44,1117,,6a340ed33f7ead97839271dd
Black Plain Classic Verne,GMC-27-5,Black,45,1117,,6a340ed33f7ead97839271de
Black White Penny College,GMC-32-1,black,41,2740,,6a340f043f7ead97839272b7
Black White Penny College,GMC-32-2,black,42,2740,,6a340f043f7ead97839272b8
Black White Penny College,GMC-32-3,black,43,2740,,6a340f043f7ead97839272b9
Black White Penny College,GMC-32-4,black,44,2740,,6a340f043f7ead97839272ba
Black White Penny College,GMC-32-5,black,45,2740,,6a340f053f7ead97839272bb
Brown White Penny College,GMC-33-1,brown,41,2740,,6a340f513f7ead9783927404
Brown White Penny College,GMC-33-2,brown,42,2740,,6a340f523f7ead9783927405
Brown White Penny College,GMC-33-3,brown,43,2740,,6a340f523f7ead9783927406
Brown White Penny College,GMC-33-4,brown,44,2740,,6a340f523f7ead9783927407
Brown White Penny College,GMC-33-5,brown,45,2740,,6a340f523f7ead9783927408
Brown lined chelsea boot,GMC-38-1,brown,41,1190,,6a340f613f7ead9783927444
Brown lined chelsea boot,GMC-38-2,brown,42,1190,,6a340f613f7ead9783927445
Brown lined chelsea boot,GMC-38-3,brown,43,1190,,6a340f623f7ead9783927446
Brown lined chelsea boot,GMC-38-4,brown,44,1190,,6a340f623f7ead9783927447
Brown lined chelsea boot,GMC-38-5,brown,45,1190,,6a340f623f7ead9783927448
Havan Chunky Chelsea Boot,GMC-39-1,havan,40,1785,,6a340f5f3f7ead978392743c
Havan Chunky Chelsea Boot,GMC-39-2,havan,41,1785,,6a340f5f3f7ead978392743d
Havan Chunky Chelsea Boot,GMC-39-3,havan,42,1785,,6a340f5f3f7ead978392743e
Havan Chunky Chelsea Boot,GMC-39-4,havan,43,1785,,6a340f603f7ead978392743f
Havan Chunky Chelsea Boot,GMC-39-5,havan,44,1785,,6a340f603f7ead9783927440
Havan Chunky Chelsea Boot,GMC-39-6,havan,45,1785,,6a340f603f7ead9783927441
Havan Chunky Chelsea Boot,GMC-39-7,havan,46,1785,,6a340f613f7ead9783927442
Beige Brogue Lace Up Boots,GMC-4-1016,beige,40,1390,,6a340edc3f7ead9783927203
Beige Brogue Lace Up Boots,GMC-4-1017,beige,41,1390,,6a340edd3f7ead9783927204
Beige Brogue Lace Up Boots,GMC-4-1018,beige,42,1390,,6a340edd3f7ead9783927205
Beige Brogue Lace Up Boots,GMC-4-1019,beige,43,1390,,6a340edd3f7ead9783927206
Beige Brogue Lace Up Boots,GMC-4-1020,beige,44,1390,,6a340edd3f7ead9783927207
Beige Brogue Lace Up Boots,GMC-4-1021,beige,45,1390,,6a340ede3f7ead9783927208
Chunky Brown College,GMC-40-1,brown,41,2740,,6a340f693f7ead9783927467
Chunky Brown College,GMC-40-2,brown,42,2740,,6a340f693f7ead9783927468
Chunky Brown College,GMC-40-3,brown,43,2740,,6a340f693f7ead9783927469
Chunky Brown College,GMC-40-4,brown,44,2740,,6a340f6a3f7ead978392746a
Chunky Brown College,GMC-40-5,brown,45,2740,,6a340f6a3f7ead978392746b
Brown Chunky Chelsea Boot,GMC-42-1,brown,40,1785,,6a340f673f7ead978392745d
Brown Chunky Chelsea Boot,GMC-42-2,brown,41,1785,,6a340f673f7ead978392745e
Brown Chunky Chelsea Boot,GMC-42-3,brown,42,1785,,6a340f673f7ead978392745f
Brown Chunky Chelsea Boot,GMC-42-4,brown,43,1785,,6a340f683f7ead9783927460
Brown Chunky Chelsea Boot,GMC-42-5,brown,44,1785,,6a340f683f7ead9783927461
Brown Chunky Chelsea Boot,GMC-42-6,brown,45,1785,,6a340f683f7ead9783927462
Brown Chunky Chelsea Boot,GMC-42-7,brown,46,1785,,6a340f683f7ead9783927465
Chunky Burgundy College,GMC-44-1,Burgundy,41,2740,,6a340f653f7ead9783927456
Chunky Burgundy College,GMC-44-2,Burgundy,42,2740,,6a340f663f7ead9783927457
Chunky Burgundy College,GMC-44-3,Burgundy,43,2740,,6a340f663f7ead9783927459
Chunky Burgundy College,GMC-44-4,Burgundy,44,2740,,6a340f663f7ead978392745a
Chunky Burgundy College,GMC-44-5,Burgundy,45,2740,,6a340f663f7ead978392745b
Chunky Black Brogue,GMC-45-1,Black,41,1990,,6a340f643f7ead9783927450
Chunky Black Brogue,GMC-45-2,Black,42,1990,,6a340f643f7ead9783927451
Chunky Black Brogue,GMC-45-3,Black,43,1990,,6a340f643f7ead9783927452
Chunky Black Brogue,GMC-45-4,Black,44,1990,,6a340f653f7ead9783927453
Chunky Black Brogue,GMC-45-5,Black,45,1990,,6a340f653f7ead9783927454
Chunky Brown Brogue,GMC-46-1,brown,41,1690,,6a340f623f7ead978392744a
Chunky Brown Brogue,GMC-46-2,brown,42,1690,,6a340f633f7ead978392744b
Chunky Brown Brogue,GMC-46-3,brown,43,1690,,6a340f633f7ead978392744c
Chunky Brown Brogue,GMC-46-4,brown,44,1690,,6a340f633f7ead978392744d
Chunky Brown Brogue,GMC-46-5,brown,45,1690,,6a340f643f7ead978392744e
Black Brogue Lace Up Boots,GMC-71-1,black,40,1395,,6a340efb3f7ead9783927285
Black Brogue Lace Up Boots,GMC-71-2,black,41,1395,,6a340efb3f7ead9783927286
Black Brogue Lace Up Boots,GMC-71-3,black,42,1395,,6a340efb3f7ead9783927287
Black Brogue Lace Up Boots,GMC-71-4,black,43,1395,,6a340efb3f7ead9783927288
Black Brogue Lace Up Boots,GMC-71-5,black,44,1395,,6a340efc3f7ead9783927292
Black Brogue Lace Up Boots,GMC-71-6,black,45,1395,,6a340efc3f7ead9783927295
Brown Brogue Lace Up Boots,GMC-72-1,brown,40,1395,,6a340f053f7ead97839272bd
Brown Brogue Lace Up Boots,GMC-72-2,brown,41,1395,,6a340f053f7ead97839272be
Brown Brogue Lace Up Boots,GMC-72-3,brown,42,1395,,6a340f063f7ead97839272bf
Brown Brogue Lace Up Boots,GMC-72-4,brown,43,1395,,6a340f063f7ead97839272c0
Brown Brogue Lace Up Boots,GMC-72-5,brown,44,1395,,6a340f063f7ead97839272c1
Brown Brogue Lace Up Boots,GMC-72-6,brown,45,1395,,6a340f073f7ead97839272c2
Black Suede Chelsea Boot,GMC-83-1,Black,40,1290,,6a340f563f7ead9783927417
Black Suede Chelsea Boot,GMC-83-2,Black,41,1290,,6a340f563f7ead9783927418
Black Suede Chelsea Boot,GMC-83-3,Black,42,1290,,6a340f573f7ead9783927419
Black Suede Chelsea Boot,GMC-83-4,Black,43,1290,,6a340f573f7ead978392741a
Black Suede Chelsea Boot,GMC-83-5,Black,44,1290,,6a340f573f7ead978392741b
Black Suede Chelsea Boot,GMC-83-6,Black,45,1290,,6a340f573f7ead978392741c
Brown Suede Chelsea Boot,GMC-84-1,Brown,40,1290,,6a340f543f7ead9783927410
Brown Suede Chelsea Boot,GMC-84-2,Brown,41,1290,,6a340f553f7ead9783927411
Brown Suede Chelsea Boot,GMC-84-3,Brown,42,1290,,6a340f553f7ead9783927412
Brown Suede Chelsea Boot,GMC-84-4,Brown,43,1290,,6a340f553f7ead9783927413
Brown Suede Chelsea Boot,GMC-84-5,Brown,44,1290,,6a340f553f7ead9783927414
Brown Suede Chelsea Boot,GMC-84-6,Brown,45,1290,,6a340f563f7ead9783927415
Black Designer Sneakers,GMK-20-1,,41,2200,,6a340f583f7ead978392741e
Black Designer Sneakers,GMK-20-2,,42,2200,,6a340f583f7ead978392741f
Black Designer Sneakers,GMK-20-3,,43,2200,,6a340f583f7ead9783927420
Black Designer Sneakers,GMK-20-4,,44,2200,,6a340f593f7ead9783927421
Black Designer Sneakers,GMK-20-5,,45,2200,,6a340f593f7ead9783927422
Brown Suede Chunky Sneakers,GMK-4-1,,41,995,,6a413a64b34d18a098670c02
Brown Suede Chunky Sneakers,GMK-4-2,,42,995,,6a413a65b34d18a098670c03
Brown Suede Chunky Sneakers,GMK-4-3,,43,995,,6a413a65b34d18a098670c04
Brown Suede Chunky Sneakers,GMK-4-4,,44,995,,6a413a66b34d18a098670c05
Brown Suede Chunky Sneakers,GMK-4-5,,45,995,,6a413a66b34d18a098670c06
Navy Suede Chunky Sneakers,GMK-5-1,,41,995,,6a413a67b34d18a098670c08
Navy Suede Chunky Sneakers,GMK-5-2,,42,995,,6a413a67b34d18a098670c09
Navy Suede Chunky Sneakers,GMK-5-3,,43,995,,6a413a67b34d18a098670c0a
Navy Suede Chunky Sneakers,GMK-5-4,,44,995,,6a413a68b34d18a098670c0b
Navy Suede Chunky Sneakers,GMK-5-5,,45,995,,6a413a68b34d18a098670c0c
Navy Loafer Sneakers,GMK-56-1,,41,2445,,6a340eed3f7ead978392724b
Navy Loafer Sneakers,GMK-56-2,,42,2445,,6a340eed3f7ead978392724c
Navy Loafer Sneakers,GMK-56-3,,43,2445,,6a340eed3f7ead978392724d
Navy Loafer Sneakers,GMK-56-4,,44,2445,,6a340eee3f7ead978392724e
Navy Loafer Sneakers,GMK-56-5,,45,2445,,6a340eee3f7ead978392724f
Light Green Suede Loafer Sneakers,GMK-59-1,,41,2445,,6a340eeb3f7ead9783927245
Light Green Suede Loafer Sneakers,GMK-59-2,,42,2445,,6a340eec3f7ead9783927246
Light Green Suede Loafer Sneakers,GMK-59-3,,43,2445,,6a340eec3f7ead9783927247
Light Green Suede Loafer Sneakers,GMK-59-4,,44,2445,,6a340eec3f7ead9783927248
Light Green Suede Loafer Sneakers,GMK-59-5,,45,2445,,6a340eed3f7ead9783927249
Beige Moc Toe Derby,GMK-60-1,,40,2250,,6a340ef73f7ead9783927277
Beige Moc Toe Derby,GMK-60-2,,41,2250,,6a340ef83f7ead9783927278
Beige Moc Toe Derby,GMK-60-3,,42,2250,,6a340ef83f7ead9783927279
Beige Moc Toe Derby,GMK-60-4,,43,2250,,6a340ef83f7ead978392727a
Beige Moc Toe Derby,GMK-60-5,,44,2250,,6a340ef83f7ead978392727c
Beige Moc Toe Derby,GMK-60-6,,45,2250,,6a340ef93f7ead978392727d
Black Moc Toe Derby Boot,GMK-61-0,,40,1190,,6a340f233f7ead978392733d
Black Moc Toe Derby Boot,GMK-61-1,,41,1190,,6a340f233f7ead978392733e
Black Moc Toe Derby Boot,GMK-61-2,,42,1190,,6a340f233f7ead978392733f
Black Moc Toe Derby Boot,GMK-61-3,,43,1190,,6a340f233f7ead9783927340
Black Moc Toe Derby Boot,GMK-61-4,,44,1190,,6a340f243f7ead9783927341
Black Moc Toe Derby Boot,GMK-61-5,,45,1190,,6a340f243f7ead9783927342
Brown Moc Toe Derby Boot,GMK-62-1,,41,1290,,6a340f243f7ead9783927344
Brown Moc Toe Derby Boot,GMK-62-2,,42,1290,,6a340f253f7ead9783927345
Brown Moc Toe Derby Boot,GMK-62-3,,43,1290,,6a340f253f7ead9783927346
Brown Moc Toe Derby Boot,GMK-62-4,,44,1290,,6a340f253f7ead9783927347
Brown Moc Toe Derby Boot,GMK-62-5,,45,1290,,6a340f253f7ead9783927348
Beige Suede Loafer Sneakers,GMK-70-1,,41,2445,,6a340eea3f7ead978392723f
Beige Suede Loafer Sneakers,GMK-70-2,,42,2445,,6a340eea3f7ead9783927240
Beige Suede Loafer Sneakers,GMK-70-3,,43,2445,,6a340eeb3f7ead9783927241
Beige Suede Loafer Sneakers,GMK-70-4,,44,2445,,6a340eeb3f7ead9783927242
Beige Suede Loafer Sneakers,GMK-70-5,,45,2445,,6a340eeb3f7ead9783927243
Blue Suede Loafer Sneakers,GMK-74-1,,41,1163,,6a413ba3b34d18a098670e6f
Blue Suede Loafer Sneakers,GMK-74-2,,42,1163,,6a413ba4b34d18a098670e70
Blue Suede Loafer Sneakers,GMK-74-3,,43,1163,,6a413ba4b34d18a098670e71
Blue Suede Loafer Sneakers,GMK-74-4,,44,1163,,6a413ba5b34d18a098670e72
Blue Suede Loafer Sneakers,GMK-74-5,,45,1163,,6a413ba5b34d18a098670e73
Grey Chunky Clog,GMS-16-1,grey,36,835,,6a340f5c3f7ead9783927431
Grey Chunky Clog,GMS-16-10,grey,45,835,,6a340f5f3f7ead978392743a
Grey Chunky Clog,GMS-16-2,grey,37,835,,6a340f5c3f7ead9783927432
Grey Chunky Clog,GMS-16-3,grey,38,835,,6a340f5d3f7ead9783927433
Grey Chunky Clog,GMS-16-4,grey,39,835,,6a340f5d3f7ead9783927434
Grey Chunky Clog,GMS-16-5,grey,40,835,,6a340f5d3f7ead9783927435
Grey Chunky Clog,GMS-16-6,grey,41,835,,6a340f5d3f7ead9783927436
Grey Chunky Clog,GMS-16-7,grey,42,835,,6a340f5e3f7ead9783927437
Grey Chunky Clog,GMS-16-8,grey,43,835,,6a340f5e3f7ead9783927438
Grey Chunky Clog,GMS-16-9,grey,44,835,,6a340f5e3f7ead9783927439
Black Men Greek,GMS-23-1,,41,1490,,6a340ee83f7ead9783927238
Black Men Greek,GMS-23-2,,42,1490,,6a340ee93f7ead9783927239
Black Men Greek,GMS-23-3,,43,1490,,6a340ee93f7ead978392723a
Black Men Greek,GMS-23-4,,44,1490,,6a340ee93f7ead978392723b
Black Men Greek,GMS-23-5,,45,1490,,6a340eea3f7ead978392723d
Brown Men Greek,GMS-24-10,,45,1490,,6a340eff3f7ead97839272a1
Brown Men Greek,GMS-24-6,,41,1490,,6a340efe3f7ead978392729d
Brown Men Greek,GMS-24-7,,42,1490,,6a340efe3f7ead978392729e
Brown Men Greek,GMS-24-8,,43,1490,,6a340efe3f7ead978392729f
Brown Men Greek,GMS-24-9,,44,1490,,6a340eff3f7ead97839272a0
Olive Men Greek,GMS-26-1,,41,1490,,6a340efc3f7ead9783927297
Olive Men Greek,GMS-26-2,,42,1490,,6a340efd3f7ead9783927298
Olive Men Greek,GMS-26-3,,43,1490,,6a340efd3f7ead9783927299
Olive Men Greek,GMS-26-4,,44,1490,,6a340efd3f7ead978392729a
Olive Men Greek,GMS-26-5,,45,1490,,6a340efd3f7ead978392729b
Black Chunky Clog,GMS-3-1,black,37,745,,6a340eab3f7ead978392713d
Black Chunky Clog,GMS-3-2,black,41,745,,6a340eac3f7ead9783927141
Black Chunky Clog,GMS-3-3,black,42,745,,6a340eac3f7ead9783927142
Black Chunky Clog,GMS-3-4,black,43,745,,6a340eac3f7ead9783927143
Black Chunky Clog,GMS-3-5,black,44,745,,6a340eac3f7ead9783927144
Black Chunky Clog,GMS-3-6,black,45,745,,6a340ead3f7ead9783927145
Black Chunky Clog,GMS-3-7,black,38,745,,6a340eab3f7ead978392713e
Black Chunky Clog,GMS-3-8,black,39,745,,6a340eab3f7ead978392713f
Black Chunky Clog,GMS-3-9,black,40,745,,6a340eab3f7ead9783927140
Beige Chunky Clog,GMS-31-1,beige,36,790,,6a340ed93f7ead97839271f8
Beige Chunky Clog,GMS-31-10,beige,45,790,,6a340edc3f7ead9783927201
Beige Chunky Clog,GMS-31-2,beige,37,790,,6a340eda3f7ead97839271f9
Beige Chunky Clog,GMS-31-3,beige,38,790,,6a340eda3f7ead97839271fa
Beige Chunky Clog,GMS-31-4,beige,39,790,,6a340eda3f7ead97839271fb
Beige Chunky Clog,GMS-31-5,beige,40,790,,6a340edb3f7ead97839271fc
Beige Chunky Clog,GMS-31-6,beige,41,790,,6a340edb3f7ead97839271fd
Beige Chunky Clog,GMS-31-7,beige,42,790,,6a340edb3f7ead97839271fe
Beige Chunky Clog,GMS-31-8,beige,43,790,,6a340edb3f7ead97839271ff
Beige Chunky Clog,GMS-31-9,beige,44,790,,6a340edc3f7ead9783927200
Olive Chunky Clog,GMS-33-1,Olive,36,745,,6a340f593f7ead9783927425
Olive Chunky Clog,GMS-33-10,Olive,45,745,,6a340f5c3f7ead978392742f
Olive Chunky Clog,GMS-33-2,Olive,37,745,,6a340f5a3f7ead9783927427
Olive Chunky Clog,GMS-33-3,Olive,38,745,,6a340f5a3f7ead9783927428
Olive Chunky Clog,GMS-33-4,Olive,39,745,,6a340f5a3f7ead9783927429
Olive Chunky Clog,GMS-33-5,Olive,40,745,,6a340f5a3f7ead978392742a
Olive Chunky Clog,GMS-33-6,Olive,41,745,,6a340f5b3f7ead978392742b
Olive Chunky Clog,GMS-33-7,Olive,42,745,,6a340f5b3f7ead978392742c
Olive Chunky Clog,GMS-33-8,Olive,43,745,,6a340f5b3f7ead978392742d
Olive Chunky Clog,GMS-33-9,Olive,44,745,,6a340f5b3f7ead978392742e
Brown Plain Clog,GMS-40-1,brown,37,1040,,6a340f2a3f7ead978392735e
Brown Plain Clog,GMS-40-2,brown,38,1040,,6a340f2b3f7ead978392735f
Brown Plain Clog,GMS-40-3,brown,39,1040,,6a340f2b3f7ead9783927360
Brown Plain Clog,GMS-40-4,brown,40,1040,,6a340f2b3f7ead9783927361
Brown Plain Clog,GMS-40-5,brown,41,1040,,6a340f2c3f7ead9783927362
Brown Plain Clog,GMS-40-6,brown,42,1040,,6a340f2c3f7ead9783927363
Brown Plain Clog,GMS-40-7,brown,43,1040,,6a340f2c3f7ead9783927364
Brown Plain Clog,GMS-40-8,brown,44,1040,,6a340f2c3f7ead9783927366
Brown Plain Clog,GMS-40-9,brown,45,1040,,6a340f2d3f7ead9783927368
Black Plain Clog,GMS-41-1,black,37,940,,6a340f2d3f7ead978392736a
Black Plain Clog,GMS-41-2,black,38,940,,6a340f2d3f7ead978392736b
Black Plain Clog,GMS-41-3,black,39,940,,6a340f2e3f7ead978392736c
Black Plain Clog,GMS-41-4,black,40,940,,6a340f2e3f7ead978392736d
Black Plain Clog,GMS-41-5,black,41,940,,6a340f2e3f7ead978392736e
Black Plain Clog,GMS-41-6,black,42,940,,6a340f2e3f7ead978392736f
Black Plain Clog,GMS-41-7,black,43,940,,6a340f2f3f7ead9783927370
Black Plain Clog,GMS-41-8,black,44,940,,6a340f2f3f7ead9783927371
Black Plain Clog,GMS-41-9,black,45,940,,6a340f2f3f7ead9783927372
Beige Suede Clog,GMS-43-1,beige,37,1040,,6a340ecf3f7ead97839271cd
Beige Suede Clog,GMS-43-2,beige,38,1040,,6a340ed03f7ead97839271ce
Beige Suede Clog,GMS-43-3,beige,39,1040,,6a340ed03f7ead97839271d0
Beige Suede Clog,GMS-43-4,beige,40,1040,,6a340ed03f7ead97839271d1
Beige Suede Clog,GMS-43-5,beige,41,1040,,6a340ed13f7ead97839271d2
Beige Suede Clog,GMS-43-6,beige,42,1040,,6a340ed13f7ead97839271d3
Beige Suede Clog,GMS-43-7,beige,43,1040,,6a340ed13f7ead97839271d4
Beige Suede Clog,GMS-43-8,beige,44,1040,,6a340ed13f7ead97839271d5
Beige Suede Clog,GMS-43-9,beige,45,1040,,6a340ed23f7ead97839271d6
Women Burgundy Chunky Ballerina,GW001-6022,Black,37,742,,6a340ea63f7ead978392712c
Women Burgundy Chunky Ballerina,GW001-6023,Black,38,742,,6a340ea73f7ead978392712d
Women Burgundy Chunky Ballerina,GW001-6024,Black,39,742,,6a340ea73f7ead978392712e
Women Burgundy Chunky Ballerina,GW001-6025,Black,40,742,,6a340ea73f7ead978392712f
Women Burgundy Chunky Ballerina,GW001-6026,Black,41,742,,6a340ea73f7ead9783927130
Women Burgundy Chunky College,GW007-6022,Burgundy,37,690,,6a340f3d3f7ead97839273ac
Women Burgundy Chunky College,GW007-6023,Burgundy,38,690,,6a340f3d3f7ead97839273ad
Women Burgundy Chunky College,GW007-6024,Burgundy,39,690,,6a340f3d3f7ead97839273ae
Women Burgundy Chunky College,GW007-6025,Burgundy,40,690,,6a340f3d3f7ead97839273af
Women Burgundy Chunky College,GW007-6026,Burgundy,41,690,,6a340f3e3f7ead97839273b1
Women Beige Flat Ballet,GW008-7001,Beige,37,741,,6a340f463f7ead97839273d1
Women Beige Flat Ballet,GW008-7002,Beige,38,741,,6a340f463f7ead97839273d2
Women Beige Flat Ballet,GW008-7003,Beige,39,741,,6a340f463f7ead97839273d3
Women Beige Flat Ballet,GW008-7004,Beige,40,741,,6a340f463f7ead97839273d4
Women Beige Flat Ballet,GW008-7005,Beige,41,741,,6a340f473f7ead97839273d5
Women Brown Flat Ballet,GW008-7006,Brown,37,741,,6a340f473f7ead97839273d7
Women Brown Flat Ballet,GW008-7007,Brown,38,741,,6a340f473f7ead97839273d8
Women Brown Flat Ballet,GW008-7008,Brown,39,741,,6a340f483f7ead97839273d9
Women Brown Flat Ballet,GW008-7009,Brown,40,741,,6a340f483f7ead97839273da
Women Brown Flat Ballet,GW008-7010,Brown,41,741,,6a340f483f7ead97839273db
Women Havan Flat Ballet,GW008-7011,Havan,37,488,,6a340f4a3f7ead97839273e4
Women Havan Flat Ballet,GW008-7012,Havan,38,741,,6a340f4a3f7ead97839273e5
Women Havan Flat Ballet,GW008-7013,Havan,39,741,,6a340f4b3f7ead97839273e8
Women Havan Flat Ballet,GW008-7014,Havan,40,741,,6a340f4b3f7ead97839273e9
Women Havan Flat Ballet,GW008-7015,Havan,41,741,,6a340f4b3f7ead97839273ea
Women Black Flat Ballet,GW008-8001,Black,37,890,,6a340f483f7ead97839273dd
Women Black Flat Ballet,GW008-8002,Black,38,890,,6a340f493f7ead97839273de
Women Black Flat Ballet,GW008-8003,Black,39,890,,6a340f493f7ead97839273df
Women Black Flat Ballet,GW008-8004,Black,40,890,,6a340f493f7ead97839273e1
Women Black Flat Ballet,GW008-8005,Black,41,890,,6a340f4a3f7ead97839273e2
Women White Strap Ballerina,GW009-2050,White,37,690,,6a340f413f7ead97839273bf
Women White Strap Ballerina,GW009-2051,White,38,690,,6a340f413f7ead97839273c0
Women White Strap Ballerina,GW009-2052,White,39,690,,6a340f423f7ead97839273c1
Women White Strap Ballerina,GW009-2053,White,40,690,,6a340f423f7ead97839273c2
Women White Strap Ballerina,GW009-2054,White,41,690,,6a340f423f7ead97839273c3
Women Burgundy Strap Ballerina,GW009-6022,Burgundy,37,1190,,6a340f403f7ead97839273b9
Women Burgundy Strap Ballerina,GW009-6023,Burgundy,38,1190,,6a340f403f7ead97839273ba
Women Burgundy Strap Ballerina,GW009-6024,Burgundy,39,1190,,6a340f403f7ead97839273bb
Women Burgundy Strap Ballerina,GW009-6025,Burgundy,40,1190,,6a340f403f7ead97839273bc
Women Burgundy Strap Ballerina,GW009-6026,Burgundy,41,1190,,6a340f413f7ead97839273bd
Women Black Strap Ballerina,GW009-8020,Black,37,1190,,6a340f3e3f7ead97839273b3
Women Black Strap Ballerina,GW009-8021,Black,38,1190,,6a340f3e3f7ead97839273b4
Women Black Strap Ballerina,GW009-8022,Black,39,1190,,6a340f3f3f7ead97839273b5
Women Black Strap Ballerina,GW009-8023,Black,40,1190,,6a340f3f3f7ead97839273b6
Women Black Strap Ballerina,GW009-8024,Black,41,1190,,6a340f3f3f7ead97839273b7
Women Beige Ballerina,GW010-7001,Beige,37,1190,,6a340ef03f7ead9783927257
Women Beige Ballerina,GW010-7002,Beige,38,1190,,6a340ef03f7ead978392725a
Women Beige Ballerina,GW010-7003,Beige,39,1190,,6a340ef13f7ead978392725b
Women Beige Ballerina,GW010-7004,Beige,40,1190,,6a340ef13f7ead978392725c
Women Beige Ballerina,GW010-7005,Beige,41,1190,,6a340ef13f7ead978392725d
Women Brown Ballerina,GW010-7006,Brown,37,1190,,6a340f443f7ead97839273cb
Women Brown Ballerina,GW010-7007,Brown,38,1190,,6a340f443f7ead97839273cc
Women Brown Ballerina,GW010-7008,Brown,39,1190,,6a340f453f7ead97839273cd
Women Brown Ballerina,GW010-7009,Brown,40,1190,,6a340f453f7ead97839273ce
Women Brown Ballerina,GW010-7010,Brown,41,1190,,6a340f453f7ead97839273cf
Women Havan Ballerina,GW010-7011,Havan,37,1190,,6a340f433f7ead97839273c5
Women Havan Ballerina,GW010-7012,Havan,38,1190,,6a340f433f7ead97839273c6
Women Havan Ballerina,GW010-7013,Havan,39,1190,,6a340f433f7ead97839273c7
Women Havan Ballerina,GW010-7014,Havan,40,1190,,6a340f433f7ead97839273c8
Women Havan Ballerina,GW010-7015,Havan,41,1190,,6a340f443f7ead97839273c9
Women Black Ballerina,GW010-8001,Black,37,1190,,6a340ef93f7ead978392727f
Women Black Ballerina,GW010-8002,Black,38,1190,,6a340ef93f7ead9783927280
Women Black Ballerina,GW010-8003,Black,39,1190,,6a340efa3f7ead9783927281
Women Black Ballerina,GW010-8004,Black,40,1190,,6a340efa3f7ead9783927282
Women Black Ballerina,GW010-8005,Black,41,1190,,6a340efa3f7ead9783927283
Women Beige Mule,GW011-7001,Beige,37,488,,6a340f4d3f7ead97839273f2
Women Beige Mule,GW011-7002,Beige,38,990,,6a340f4d3f7ead97839273f3
Women Beige Mule,GW011-7003,Beige,39,990,,6a340f4d3f7ead97839273f4
Women Beige Mule,GW011-7004,Beige,40,990,,6a340f4e3f7ead97839273f5
Women Beige Mule,GW011-7005,Beige,41,990,,6a340f4e3f7ead97839273f6
Women Brown Mule,GW011-7006,Brown,37,990,,6a340f503f7ead97839273fe
Women Brown Mule,GW011-7007,Brown,38,990,,6a340f503f7ead97839273ff
Women Brown Mule,GW011-7008,Brown,39,990,,6a340f503f7ead9783927400
Women Brown Mule,GW011-7009,Brown,40,990,,6a340f513f7ead9783927401
Women Brown Mule,GW011-7010,Brown,41,990,,6a340f513f7ead9783927402
Women Havan Mule,GW011-7011,Havan,37,488,,6a340f4b3f7ead97839273ec
Women Havan Mule,GW011-7012,Havan,38,688,,6a340f4c3f7ead97839273ed
Women Havan Mule,GW011-7013,Havan,39,688,,6a340f4c3f7ead97839273ee
Women Havan Mule,GW011-7014,Havan,40,688,,6a340f4c3f7ead97839273ef
Women Havan Mule,GW011-7015,Havan,41,688,,6a340f4d3f7ead97839273f0
Women Black Mule,GW011-8001,black,37,990,,6a340f4e3f7ead97839273f8
Women Black Mule,GW011-8002,black,38,990,,6a340f4f3f7ead97839273f9
Women Black Mule,GW011-8003,black,39,990,,6a340f4f3f7ead97839273fa
Women Black Mule,GW011-8004,black,40,990,,6a340f4f3f7ead97839273fb
Women Black Mule,GW011-8005,black,41,990,,6a340f4f3f7ead97839273fc
Women Beige Awsim,GW012-7001,Beige,37,590,,6a340ed53f7ead97839271e6
Women Beige Awsim,GW012-7002,Beige,38,590,,6a340ed53f7ead97839271e7
Women Beige Awsim,GW012-7003,Beige,39,590,,6a340ed53f7ead97839271e8
Women Beige Awsim,GW012-7004,Beige,40,590,,6a340ed63f7ead97839271e9
Women Beige Awsim,GW012-7005,Beige,41,590,,6a340ed63f7ead97839271ea
Women Off-White Fabric Flishnet Mule,GW016-2000,OFF-white,37,490,,6a340ed33f7ead97839271e0
Women Off-White Fabric Flishnet Mule,GW016-2001,OFF-white,38,490,,6a340ed43f7ead97839271e1
Women Off-White Fabric Flishnet Mule,GW016-2002,OFF-white,39,490,,6a340ed43f7ead97839271e2
Women Off-White Fabric Flishnet Mule,GW016-2003,OFF-white,40,490,,6a340ed43f7ead97839271e3
Women Off-White Fabric Flishnet Mule,GW016-2004,OFF-white,41,490,,6a340ed53f7ead97839271e4
Women Beige Sodfa,GW018-7001,Beige,37,550,,6a340ea23f7ead9783927118
Women Beige Sodfa,GW018-7002,Beige,38,550,,6a340ea23f7ead9783927119
Women Beige Sodfa,GW018-7003,Beige,39,550,,6a340ea23f7ead978392711a
Women Beige Sodfa,GW018-7004,Beige,40,550,,6a340ea33f7ead978392711b
Women Beige Sodfa,GW018-7005,Beige,41,550,,6a340ea33f7ead978392711c
Women Black Fabric Floral Ballerina,GW021-8001,Black,37,1190,,6a340ef63f7ead9783927271
Women Black Fabric Floral Ballerina,GW021-8002,Black,38,1190,,6a340ef63f7ead9783927272
Women Black Fabric Floral Ballerina,GW021-8003,Black,39,1190,,6a340ef63f7ead9783927273
Women Black Fabric Floral Ballerina,GW021-8004,Black,40,1190,,6a340ef73f7ead9783927274
Women Black Fabric Floral Ballerina,GW021-8005,Black,41,1190,,6a340ef73f7ead9783927275
Women Beige Flat Sneakers,GW022-7001,Beige,37,900,,6a340ec63f7ead97839271a9
Women Beige Flat Sneakers,GW022-7002,Beige,38,900,,6a340ec73f7ead97839271aa
Women Beige Flat Sneakers,GW022-7003,Beige,39,900,,6a340ec73f7ead97839271ab
Women Beige Flat Sneakers,GW022-7004,Beige,40,900,,6a340ec73f7ead97839271ac
Women Beige Flat Sneakers,GW022-7005,Beige,41,900,,6a340ec83f7ead97839271ad
Women Silver Flat Sneakers,GW022-9001,Silver,37,900,,6a340e9a3f7ead97839270fa
Women Silver Flat Sneakers,GW022-9002,Silver,38,900,,6a340e9b3f7ead97839270fb
Women Silver Flat Sneakers,GW022-9003,Silver,39,900,,6a340e9b3f7ead97839270fc
Women Silver Flat Sneakers,GW022-9004,Silver,40,900,,6a340e9b3f7ead97839270fd
Women Silver Flat Sneakers,GW022-9005,Silver,41,900,,6a340e9c3f7ead97839270fe
Women Brown College,GW1001-7000,Brown,36,1995,,6a340f263f7ead978392734a
Women Brown College,GW1001-7001,Brown,37,1995,,6a340f263f7ead978392734b
Women Brown College,GW1001-7002,Brown,38,1995,,6a340f263f7ead978392734c
Women Brown College,GW1001-7003,Brown,39,1995,,6a340f273f7ead978392734d
Women Brown College,GW1001-7004,Brown,40,1995,,6a340f273f7ead978392734e
Women Brown College,GW1001-7005,Brown,41,1995,,6a340f273f7ead978392734f
Women Burgundy College,GW1003-6002,Burgundy,36,1995,,6a340f353f7ead978392738d
Women Burgundy College,GW1003-6003,Burgundy,37,1995,,6a340f363f7ead978392738e
Women Burgundy College,GW1003-6004,Burgundy,38,1995,,6a340f363f7ead978392738f
Women Burgundy College,GW1003-6005,Burgundy,39,1995,,6a340f363f7ead9783927390
Women Burgundy College,GW1003-6006,Burgundy,40,1995,,6a340f373f7ead9783927391
Women Burgundy College,GW1003-6007,Burgundy,41,1995,,6a340f373f7ead9783927392
Women Burgundy/White College,GW1003-6025,Burgundy,37,1290,,6a340f343f7ead9783927387
Women Burgundy/White College,GW1003-6026,Burgundy,38,1290,,6a340f343f7ead9783927388
Women Burgundy/White College,GW1003-6027,Burgundy,39,1290,,6a340f353f7ead9783927389
Women Burgundy/White College,GW1003-6028,Burgundy,40,1290,,6a340f353f7ead978392738a
Women Burgundy/White College,GW1003-6029,Burgundy,41,1290,,6a340f353f7ead978392738b
Women Black College,GW1003-7001,Black,36,1995,,6a340f0d3f7ead97839272e0
Women Black College,GW1003-7002,Black,37,1995,,6a340f0d3f7ead97839272e1
Women Black College,GW1003-7003,Black,38,1995,,6a340f0d3f7ead97839272e2
Women Black College,GW1003-7004,Black,39,1995,,6a340f0e3f7ead97839272e3
Women Black College,GW1003-7005,Black,40,1995,,6a340f0e3f7ead97839272e4
Women Black College,GW1003-7006,Black,41,1995,,6a340f0e3f7ead97839272e5
Women Brown/White College,GW1003-7025,Brown,37,1290,,6a340f333f7ead9783927381
Women Brown/White College,GW1003-7026,Brown,38,1290,,6a340f333f7ead9783927382
Women Brown/White College,GW1003-7027,Brown,39,1290,,6a340f333f7ead9783927383
Women Brown/White College,GW1003-7028,Brown,40,1290,,6a340f333f7ead9783927384
Women Brown/White College,GW1003-7029,Brown,41,1290,,6a340f343f7ead9783927385
Women Black Verne College,GW1003-8001,Black,36,1995,,6a340f373f7ead9783927394
Women Black Verne College,GW1003-8002,Black,37,1995,,6a340f383f7ead9783927395
Women Black Verne College,GW1003-8003,Black,38,1995,,6a340f383f7ead9783927396
Women Black Verne College,GW1003-8004,Black,39,1995,,6a340f383f7ead9783927397
Women Black Verne College,GW1003-8005,Black,40,1995,,6a340f383f7ead9783927398
Women Black Verne College,GW1003-8006,Black,41,1995,,6a340f393f7ead9783927399
Women Black/White College,GW1003-8025,Black,37,1290,,6a340f0f3f7ead97839272e9
Women Black/White College,GW1003-8026,Black,38,1290,,6a340f0f3f7ead97839272ea
Women Black/White College,GW1003-8027,Black,39,1290,,6a340f0f3f7ead97839272eb
Women Black/White College,GW1003-8028,Black,40,1290,,6a340f0f3f7ead97839272ec
Women Black/White College,GW1003-8029,Black,41,1290,,6a340f103f7ead97839272ed
Women Brown Doublemonk College,GW1004-7000,Brown,36,1995,,6a340f3b3f7ead97839273a3
Women Brown Doublemonk College,GW1004-7001,Brown,37,1995,,6a340f3b3f7ead97839273a4
Women Brown Doublemonk College,GW1004-7002,Brown,38,1995,,6a340f3b3f7ead97839273a6
Women Brown Doublemonk College,GW1004-7003,Brown,39,1995,,6a340f3c3f7ead97839273a8
Women Brown Doublemonk College,GW1004-7004,Brown,40,1995,,6a340f3c3f7ead97839273a9
Women Brown Doublemonk College,GW1004-7005,Brown,41,1995,,6a340f3c3f7ead97839273aa
Women Black Doublemonk College,GW1004-8001,Black,36,1995,,6a340f393f7ead978392739b
Women Black Doublemonk College,GW1004-8002,Black,37,1995,,6a340f393f7ead978392739c
Women Black Doublemonk College,GW1004-8003,Black,38,1995,,6a340f3a3f7ead978392739d
Women Black Doublemonk College,GW1004-8004,Black,39,1995,,6a340f3a3f7ead978392739e
Women Black Doublemonk College,GW1004-8005,Black,40,1995,,6a340f3a3f7ead978392739f
Women Black Doublemonk College,GW1004-8006,Black,41,1995,,6a340f3a3f7ead97839273a1
Brown Belle Boot,GWB-1015-1,Brown,37,1190,,6a340eff3f7ead97839272a4
Brown Belle Boot,GWB-1015-2,Brown,38,1190,,6a340f003f7ead97839272a6
Brown Belle Boot,GWB-1015-3,Brown,39,1190,,6a340f003f7ead97839272a7
Brown Belle Boot,GWB-1015-4,Brown,40,1190,,6a340f003f7ead97839272a8
Brown Belle Boot,GWB-1015-5,Brown,41,1190,,6a340f003f7ead97839272a9
Black Belle Boot,GWB-1016-1,Black,37,1395,,6a340eee3f7ead9783927251
Black Belle Boot,GWB-1016-2,Black,38,1395,,6a340eef3f7ead9783927252
Black Belle Boot,GWB-1016-3,Black,39,1395,,6a340eef3f7ead9783927253
Black Belle Boot,GWB-1016-4,Black,40,1395,,6a340eef3f7ead9783927254
Black Belle Boot,GWB-1016-5,Black,41,1395,,6a340ef03f7ead9783927255
Burgundy Belle Boot,GWB-1017-1,Burgundy,37,1090,,6a340f1a3f7ead9783927319
Burgundy Belle Boot,GWB-1017-2,Burgundy,38,1090,,6a340f1b3f7ead978392731a
Burgundy Belle Boot,GWB-1017-3,Burgundy,39,1090,,6a340f1b3f7ead978392731b
Burgundy Belle Boot,GWB-1017-4,Burgundy,40,1090,,6a340f1b3f7ead978392731c
Burgundy Belle Boot,GWB-1017-5,Burgundy,41,1090,,6a340f1b3f7ead978392731e
Burgundy Savannah Boot,GWB-1044-1,Burgundy,37,990,,6a340f193f7ead9783927313
Burgundy Savannah Boot,GWB-1044-2,Burgundy,38,990,,6a340f193f7ead9783927314
Burgundy Savannah Boot,GWB-1044-3,Burgundy,39,990,,6a340f193f7ead9783927315
Burgundy Savannah Boot,GWB-1044-4,Burgundy,40,990,,6a340f1a3f7ead9783927316
Burgundy Savannah Boot,GWB-1044-5,Burgundy,41,990,,6a340f1a3f7ead9783927317
Off White Desert Star Boot,GWB-3060-1,Off White,37,1243,,6a340e953f7ead97839270e0
Off White Desert Star Boot,GWB-3060-2,Off White,38,1243,,6a340e953f7ead97839270e1
Off White Desert Star Boot,GWB-3060-3,Off White,39,1243,,6a340e953f7ead97839270e2
Off White Desert Star Boot,GWB-3060-4,Off White,40,1243,,6a340e953f7ead97839270e3
Off White Desert Star Boot,GWB-3060-5,Off White,41,1243,,6a340e963f7ead97839270e4
Brown Buckle Boot,GWB-4014-1,Brown,37,1395,,6a340f1c3f7ead9783927320
Brown Buckle Boot,GWB-4014-2,Brown,38,1395,,6a340f1c3f7ead9783927321
Brown Buckle Boot,GWB-4014-3,Brown,39,1395,,6a340f1c3f7ead9783927322
Brown Buckle Boot,GWB-4014-4,Brown,40,1395,,6a340f1d3f7ead9783927323
Brown Buckle Boot,GWB-4014-5,Brown,41,1395,,6a340f1d3f7ead9783927324
Crimson Buckle Boot,GWB-4015-1,Burgundy,37,1090,,6a340f103f7ead97839272ef
Crimson Buckle Boot,GWB-4015-2,Burgundy,38,1090,,6a340f103f7ead97839272f0
Crimson Buckle Boot,GWB-4015-3,Burgundy,39,1090,,6a340f113f7ead97839272f1
Crimson Buckle Boot,GWB-4015-4,Burgundy,40,1090,,6a340f113f7ead97839272f2
Crimson Buckle Boot,GWB-4015-5,Burgundy,41,1090,,6a340f113f7ead97839272f3
Brown Buckle lace up boot,GWB-802-1,Brown,37,892,,6a340ef33f7ead9783927265
Brown Buckle lace up boot,GWB-802-2,Brown,38,892,,6a340ef33f7ead9783927266
Brown Buckle lace up boot,GWB-802-3,Brown,39,892,,6a340ef33f7ead9783927267
Brown Buckle lace up boot,GWB-802-4,Brown,40,892,,6a340ef43f7ead9783927268
Brown Buckle lace up boot,GWB-802-5,Brown,41,892,,6a340ef43f7ead9783927269
Black Combat Style Boots,GWB-804-1,Black,37,890,,6a340ef13f7ead978392725f
Black Combat Style Boots,GWB-804-2,Black,38,890,,6a340ef23f7ead9783927260
Black Combat Style Boots,GWB-804-3,Black,39,890,,6a340ef23f7ead9783927261
Black Combat Style Boots,GWB-804-4,Black,40,890,,6a340ef23f7ead9783927262
Black Combat Style Boots,GWB-804-5,Black,41,890,,6a340ef33f7ead9783927263
Black Buckle lace up boot,GWB-808-1,Black,37,892,,6a340e933f7ead97839270da
Black Buckle lace up boot,GWB-808-2,Black,38,892,,6a340e933f7ead97839270db
Black Buckle lace up boot,GWB-808-3,Black,39,892,,6a340e943f7ead97839270dc
Black Buckle lace up boot,GWB-808-4,Black,40,892,,6a340e943f7ead97839270dd
Black Buckle lace up boot,GWB-808-5,Black,41,892,,6a340e943f7ead97839270de
Black Two Tone Boots,GWB-809-1,Black,37,990,,6a340ece3f7ead97839271c7
Black Two Tone Boots,GWB-809-2,Black,38,990,,6a340ece3f7ead97839271c8
Black Two Tone Boots,GWB-809-3,Black,39,990,,6a340ece3f7ead97839271c9
Black Two Tone Boots,GWB-809-4,Black,40,990,,6a340ecf3f7ead97839271ca
Black Two Tone Boots,GWB-809-5,Black,41,990,,6a340ecf3f7ead97839271cb
Women Brown  Chelsea Boot,GWC-2-1,Brown,37,1488.5,,6a340f283f7ead9783927351
Women Brown  Chelsea Boot,GWC-2-2,Brown,38,1488.5,,6a340f283f7ead9783927352
Women Brown  Chelsea Boot,GWC-2-3,Brown,39,1488.5,,6a340f283f7ead9783927353
Women Brown  Chelsea Boot,GWC-2-4,Brown,40,1488.5,,6a340f283f7ead9783927354
Women Brown  Chelsea Boot,GWC-2-5,Brown,41,1488.5,,6a340f293f7ead9783927355
Women Brown Chunky Chelsea Boot,GWC-3-1,Brown,37,1388,,6a340f293f7ead9783927357
Women Brown Chunky Chelsea Boot,GWC-3-2,Brown,38,1388,,6a340f293f7ead9783927358
Women Brown Chunky Chelsea Boot,GWC-3-3,Brown,39,1388,,6a340f2a3f7ead9783927359
Women Brown Chunky Chelsea Boot,GWC-3-4,Brown,40,1388,,6a340f2a3f7ead978392735a
Women Brown Chunky Chelsea Boot,GWC-3-5,Brown,41,1388,,6a340f2a3f7ead978392735c
Flexa Beige Sneakers,GWJ-1001-1,Beige,37,1250,,6a340f0a3f7ead97839272d4
Flexa Beige Sneakers,GWJ-1001-2,Beige,38,1250,,6a340f0a3f7ead97839272d5
Flexa Beige Sneakers,GWJ-1001-3,Beige,39,1250,,6a340f0a3f7ead97839272d6
Flexa Beige Sneakers,GWJ-1001-4,Beige,40,1250,,6a340f0b3f7ead97839272d7
Flexa Beige Sneakers,GWJ-1001-5,Beige,41,1250,,6a340f0b3f7ead97839272d8
Flexa Pink Sneakers,GWJ-1002-1,Black,37,690,,6a340f123f7ead97839272f5
Flexa Pink Sneakers,GWJ-1002-2,Black,38,690,,6a340f123f7ead97839272f6
Flexa Pink Sneakers,GWJ-1002-3,Black,39,690,,6a340f123f7ead97839272f7
Flexa Pink Sneakers,GWJ-1002-4,Black,40,690,,6a340f123f7ead97839272f8
Flexa Pink Sneakers,GWJ-1002-5,Black,41,690,,6a340f133f7ead97839272f9
Flexa Black Sneakers,GWJ-1003-1,Black,37,690,,6a340f133f7ead97839272fb
Flexa Black Sneakers,GWJ-1003-2,Black,38,690,,6a340f133f7ead97839272fc
Flexa Black Sneakers,GWJ-1003-3,Black,39,690,,6a340f143f7ead97839272fd
Flexa Black Sneakers,GWJ-1003-4,Black,40,690,,6a340f143f7ead97839272fe
Flexa Black Sneakers,GWJ-1003-5,Black,41,690,,6a340f143f7ead97839272ff
Flexa Blue Sneakers,GWJ-1004-1,Blue,37,690,,6a340f0b3f7ead97839272da
Flexa Blue Sneakers,GWJ-1004-2,Blue,38,690,,6a340f0c3f7ead97839272db
Flexa Blue Sneakers,GWJ-1004-3,Blue,39,690,,6a340f0c3f7ead97839272dc
Flexa Blue Sneakers,GWJ-1004-4,Blue,40,690,,6a340f0c3f7ead97839272dd
Flexa Blue Sneakers,GWJ-1004-5,Blue,41,690,,6a340f0c3f7ead97839272de
Velocity Black Sneakers,GWJ-2001-1,Black,37,990,,6a340f143f7ead9783927301
Velocity Black Sneakers,GWJ-2001-2,Black,38,990,,6a340f153f7ead9783927302
Velocity Black Sneakers,GWJ-2001-3,Black,39,990,,6a340f153f7ead9783927303
Velocity Black Sneakers,GWJ-2001-4,Black,40,990,,6a340f153f7ead9783927304
Velocity Black Sneakers,GWJ-2001-5,Black,41,990,,6a340f163f7ead9783927305
Velocity Beige Sneakers,GWJ-2002-1,Black,37,690,,6a340f163f7ead9783927307
Velocity Beige Sneakers,GWJ-2002-2,Black,38,690,,6a340f163f7ead9783927308
Velocity Beige Sneakers,GWJ-2002-3,Black,39,690,,6a340f163f7ead9783927309
Velocity Beige Sneakers,GWJ-2002-4,Black,40,690,,6a340f173f7ead978392730a
Velocity Beige Sneakers,GWJ-2002-5,Black,41,690,,6a340f173f7ead978392730b
Velocity baby blue Sneakers,GWJ-2003-1,Black,37,690,,6a340f173f7ead978392730d
Velocity baby blue Sneakers,GWJ-2003-2,Black,38,690,,6a340f183f7ead978392730e
Velocity baby blue Sneakers,GWJ-2003-3,Black,39,690,,6a340f183f7ead978392730f
Velocity baby blue Sneakers,GWJ-2003-4,Black,40,690,,6a340f183f7ead9783927310
Velocity baby blue Sneakers,GWJ-2003-5,Black,41,690,,6a340f183f7ead9783927311
Grey Retro Glide Sneakers,GWJ-3011-1,gray,37,990,,6a340ef43f7ead978392726b
Grey Retro Glide Sneakers,GWJ-3011-2,gray,38,990,,6a340ef53f7ead978392726c
Grey Retro Glide Sneakers,GWJ-3011-3,gray,39,990,,6a340ef53f7ead978392726d
Grey Retro Glide Sneakers,GWJ-3011-4,gray,40,990,,6a340ef53f7ead978392726e
Grey Retro Glide Sneakers,GWJ-3011-5,gray,41,990,,6a340ef53f7ead978392726f
Brown Women's Greek,GWS-11-1,,37,1490,,6a340f073f7ead97839272c4
Brown Women's Greek,GWS-11-2,,38,1490,,6a340f073f7ead97839272c5
Brown Women's Greek,GWS-11-3,,39,1490,,6a340f073f7ead97839272c6
Brown Women's Greek,GWS-11-4,,40,1490,,6a340f083f7ead97839272c8
Brown Women's Greek,GWS-11-5,,41,1490,,6a340f083f7ead97839272c9
Olive Women's Greek,GWS-12-2,olive,37,1490,,6a340f023f7ead97839272b1
Olive Women's Greek,GWS-12-3,olive,38,1490,,6a340f023f7ead97839272b2
Olive Women's Greek,GWS-12-4,olive,39,1490,,6a340f033f7ead97839272b3
Olive Women's Greek,GWS-12-5,olive,40,1490,,6a340f033f7ead97839272b4
Olive Women's Greek,GWS-12-6,olive,41,1490,,6a340f033f7ead97839272b5
Women White Reyad,GWS-72-41,White,37,490,,6a340f083f7ead97839272cc
Women White Reyad,GWS-72-42,White,38,490,,6a340f093f7ead97839272cd
Women White Reyad,GWS-72-43,White,39,490,,6a340f093f7ead97839272ce
Women White Reyad,GWS-72-44,White,40,490,,6a340f093f7ead97839272d1
Women White Reyad,GWS-72-45,White,41,490,,6a340f093f7ead97839272d2
Women Fuschia Dahab,GWS-73-21,Fuschia,37,490,,6a340f013f7ead97839272ab
Women Fuschia Dahab,GWS-73-22,Fuschia,38,490,,6a340f013f7ead97839272ac
Women Fuschia Dahab,GWS-73-23,Fuschia,39,490,,6a340f013f7ead97839272ad
Women Fuschia Dahab,GWS-73-24,Fuschia,40,490,,6a340f023f7ead97839272ae
Women Fuschia Dahab,GWS-73-25,Fuschia,41,490,,6a340f023f7ead97839272af
Women Gold Dahab,GWS-73-41,Gold,37,490,,6a340f303f7ead9783927375
Women Gold Dahab,GWS-73-42,Gold,38,490,,6a340f303f7ead9783927376
Women Gold Dahab,GWS-73-43,Gold,39,490,,6a340f303f7ead9783927377
Women Gold Dahab,GWS-73-44,Gold,40,490,,6a340f303f7ead9783927378
Women Gold Dahab,GWS-73-45,Gold,41,490,,6a340f313f7ead9783927379
Women havana Santa,GWS-74-11,Havana,37,490,,6a340e983f7ead97839270ee
Women havana Santa,GWS-74-12,Havana,38,490,,6a340e983f7ead97839270ef
Women havana Santa,GWS-74-13,Havana,39,490,,6a340e983f7ead97839270f0
Women havana Santa,GWS-74-14,Havana,40,490,,6a340e983f7ead97839270f1
Women havana Santa,GWS-74-15,Havana,41,490,,6a340e993f7ead97839270f2
Women Havana Bush,GWS-75-1,Havana,37,490,,6a340e993f7ead97839270f4
Women Havana Bush,GWS-75-2,Havana,38,490,,6a340e993f7ead97839270f5
Women Havana Bush,GWS-75-3,Havana,39,490,,6a340e9a3f7ead97839270f6
Women Havana Bush,GWS-75-4,Havana,40,490,,6a340e9a3f7ead97839270f7
Women Havana Bush,GWS-75-5,Havana,41,490,,6a340e9a3f7ead97839270f8
Black Crochet Mesh Ballet Flats,GwbL06-4-37,Black,37,1280,,6a340ec53f7ead97839271a3
Black Crochet Mesh Ballet Flats,GwbL06-4-38,Black,38,1280,,6a340ec53f7ead97839271a4
Black Crochet Mesh Ballet Flats,GwbL06-4-39,Black,39,1280,,6a340ec53f7ead97839271a5
Black Crochet Mesh Ballet Flats,GwbL06-4-40,Black,40,1280,,6a340ec63f7ead97839271a6
Black Crochet Mesh Ballet Flats,GwbL06-4-41,Black,41,1280,,6a340ec63f7ead97839271a7
Silver Crochet Mesh Ballet Flats,GwbL06-5-37,Silver,37,1280,,6a340ec33f7ead978392719d
Silver Crochet Mesh Ballet Flats,GwbL06-5-38,Silver,38,1280,,6a340ec43f7ead978392719e
Silver Crochet Mesh Ballet Flats,GwbL06-5-39,Silver,39,1280,,6a340ec43f7ead978392719f
Silver Crochet Mesh Ballet Flats,GwbL06-5-40,Silver,40,1280,,6a340ec43f7ead97839271a0
Silver Crochet Mesh Ballet Flats,GwbL06-5-41,Silver,41,1280,,6a340ec53f7ead97839271a1
Gold Crochet Mesh Ballet Flats,GwbL06-6-37,Gold,37,1280,,6a340ec23f7ead9783927195
Gold Crochet Mesh Ballet Flats,GwbL06-6-38,Gold,38,1280,,6a340ec23f7ead9783927196
Gold Crochet Mesh Ballet Flats,GwbL06-6-39,Gold,39,1280,,6a340ec33f7ead9783927197
Gold Crochet Mesh Ballet Flats,GwbL06-6-40,Gold,40,1280,,6a340ec33f7ead9783927198
Gold Crochet Mesh Ballet Flats,GwbL06-6-41,Gold,41,1280,,6a340ec33f7ead9783927199
Women Camel Strap Slipper,Gwf238-1-37,Caffe,37,890,,6a340eb33f7ead9783927162
Women Camel Strap Slipper,Gwf238-1-38,Caffe,38,890,,6a340eb43f7ead9783927163
Women Camel Strap Slipper,Gwf238-1-39,Caffe,39,890,,6a340eb43f7ead9783927164
Women Camel Strap Slipper,Gwf238-1-40,Caffe,40,890,,6a340eb43f7ead9783927165
Women Camel Strap Slipper,Gwf238-1-41,Caffe,41,890,,6a340eb43f7ead9783927168
Women White Strap Slipper,Gwf238-2-37,White,37,890,,6a340eb53f7ead978392716a
Women White Strap Slipper,Gwf238-2-38,White,38,890,,6a340eb53f7ead978392716b
Women White Strap Slipper,Gwf238-2-39,White,39,890,,6a340eb53f7ead978392716c
Women White Strap Slipper,Gwf238-2-40,White,40,890,,6a340eb63f7ead978392716d
Women White Strap Slipper,Gwf238-2-41,White,41,890,,6a340eb63f7ead978392716e
Women Black Strap Slipper,Gwf238-3-37,Black,37,890,,6a340eb63f7ead9783927170
Women Black Strap Slipper,Gwf238-3-38,Black,38,890,,6a340eb63f7ead9783927171
Women Black Strap Slipper,Gwf238-3-39,Black,39,890,,6a340eb73f7ead9783927172
Women Black Strap Slipper,Gwf238-3-40,Black,40,890,,6a340eb73f7ead9783927173
Women Black Strap Slipper,Gwf238-3-41,Black,41,890,,6a340eb73f7ead9783927174
Women Gold Cutout Slide Slipper,Gwf240-1-37,Geometric,37,990,,6a340eb83f7ead9783927176
Women Gold Cutout Slide Slipper,Gwf240-1-38,Geometric,38,990,,6a340eb83f7ead9783927177
Women Gold Cutout Slide Slipper,Gwf240-1-39,Geometric,39,990,,6a340eb83f7ead9783927178
Women Gold Cutout Slide Slipper,Gwf240-1-40,Geometric,40,990,,6a340eb83f7ead9783927179
Women Gold Cutout Slide Slipper,Gwf240-1-41,Geometric,41,990,,6a340eb93f7ead978392717a
Women White Cutout Slide Slipper,Gwf240-2-37,White,37,990,,6a340eb93f7ead978392717c
Women White Cutout Slide Slipper,Gwf240-2-38,White,38,990,,6a340eb93f7ead978392717d
Women White Cutout Slide Slipper,Gwf240-2-39,White,39,990,,6a340eba3f7ead978392717e
Women White Cutout Slide Slipper,Gwf240-2-40,White,40,990,,6a340eba3f7ead978392717f
Women White Cutout Slide Slipper,Gwf240-2-41,White,41,990,,6a340eba3f7ead9783927180
Women Black Cutout Slide Slipper,Gwf240-3-37,Black,37,990,,6a340ebb3f7ead9783927182
Women Black Cutout Slide Slipper,Gwf240-3-38,Black,38,990,,6a340ebb3f7ead9783927183
Women Black Cutout Slide Slipper,Gwf240-3-39,Black,39,990,,6a340ebb3f7ead9783927185
Women Black Cutout Slide Slipper,Gwf240-3-40,Black,40,990,,6a340ebb3f7ead9783927186
Women Black Cutout Slide Slipper,Gwf240-3-41,Black,41,990,,6a340ebc3f7ead9783927187
Women Silver Fringe Slide Slipper,Gwf241-1-37,Silver,37,790,,6a340ebe3f7ead978392718f
Women Silver Fringe Slide Slipper,Gwf241-1-38,Silver,38,790,,6a340ebe3f7ead9783927190
Women Silver Fringe Slide Slipper,Gwf241-1-39,Silver,39,790,,6a340ebe3f7ead9783927191
Women Silver Fringe Slide Slipper,Gwf241-1-40,Silver,40,790,,6a340ebe3f7ead9783927192
Women Silver Fringe Slide Slipper,Gwf241-1-41,Silver,41,790,,6a340ec23f7ead9783927193
Women Gold Fringe Slide Slipper,Gwf241-2-37,Gold,37,790,,6a340ebc3f7ead9783927189
Women Gold Fringe Slide Slipper,Gwf241-2-38,Gold,38,790,,6a340ebc3f7ead978392718a
Women Gold Fringe Slide Slipper,Gwf241-2-39,Gold,39,790,,6a340ebd3f7ead978392718b
Women Gold Fringe Slide Slipper,Gwf241-2-40,Gold,40,790,,6a340ebd3f7ead978392718c
Women Gold Fringe Slide Slipper,Gwf241-2-41,Gold,41,790,,6a340ebd3f7ead978392718d
Brown Studded Crossover Flat Slipper,Gwf244-1-37,Brown,37,890,,6a340eaf3f7ead978392714f
Brown Studded Crossover Flat Slipper,Gwf244-1-38,Brown,38,890,,6a340eaf3f7ead9783927150
Brown Studded Crossover Flat Slipper,Gwf244-1-39,Brown,39,890,,6a340eaf3f7ead9783927151
Brown Studded Crossover Flat Slipper,Gwf244-1-40,Brown,40,890,,6a340eb03f7ead9783927152
Brown Studded Crossover Flat Slipper,Gwf244-1-41,Brown,41,890,,6a340eb03f7ead9783927153
Black Studded Crossover Flat Slipper,Gwf244-2-37,Black,37,890,,6a340eb03f7ead9783927155
Black Studded Crossover Flat Slipper,Gwf244-2-38,Black,38,890,,6a340eb13f7ead9783927156
Black Studded Crossover Flat Slipper,Gwf244-2-39,Black,39,890,,6a340eb13f7ead9783927157
Black Studded Crossover Flat Slipper,Gwf244-2-40,Black,40,890,,6a340eb13f7ead9783927158
Black Studded Crossover Flat Slipper,Gwf244-2-41,Black,41,890,,6a340eb13f7ead9783927159
Burgundy Studded Crossover Flat Slipper,Gwf244-3-37,burgundy,37,890,,6a340eb23f7ead978392715b
Burgundy Studded Crossover Flat Slipper,Gwf244-3-38,burgundy,38,890,,6a340eb23f7ead978392715d
Burgundy Studded Crossover Flat Slipper,Gwf244-3-39,burgundy,39,890,,6a340eb23f7ead978392715e
Burgundy Studded Crossover Flat Slipper,Gwf244-3-40,burgundy,40,890,,6a340eb33f7ead978392715f
Burgundy Studded Crossover Flat Slipper,Gwf244-3-41,burgundy,41,890,,6a340eb33f7ead9783927160